id	Modified Peptide Sequence	PhosphoGroups	Significance	pSite	T00	T05	T10	T15	T20
18075	NVVDENLINDMDS(ph)EDAHK	1		S618	-0.041431973	0.014212445	0.064606975	0.132247798	0.131194352
18058	ADDEEDLS(ph)DENIQPELR	1		S720	-0.004522717	-0.020311185	0.0223323	0.002594517	0.031818626
18078	SNS(ph)IDYAK	1		S467	-0.095188382	-0.039221423	-0.043705397	-0.04211511	-0.077330212
18077	QHLSDIT(ph)LEER	1		T633	-0.054796847	0.098554307	0.04194383	-0.105411146	0.020768865
18068	GLDDESGPTHGNDS(ph)GNHR	1		S215	-0.113488871	-0.100685135	-0.020018585	-0.034352374	-0.081125317
18070	LDFVTDDLEYHLANTHPDDT(ph)NDKVESR	1		T153	-0.093078627	-0.057932213	-0.013072154	0.058247217	-0.062625474
18073	LLS(ph)SHLK	1		S655	0.221691514	0.077379741	0.388685507	0.098823768	NA
9982	S(ph)KFEGLAASEKEEEEMENK	1	FC	S357	-0.134128682	0.469573445	0.556306784	0.58245966	0.470823163
9993	TPS(ph)PAPAAK	1		S183	-0.028130928	-0.01463073	-0.027719078	-0.011951603	-0.024663298
9974	NEKS(ph)PAQLWAER	1		S313	-0.031857625	0.0739573	-0.045327214	0.043624477	0.001153695
9991	SKFEGLAAS(ph)EKEEEEMENK	1		S365	0.048654702	0.048236186	0.02034218	0.028993412	0.023894043
9975	NS(ph)IPAPK	1		S481	0.060462488	0.037874166	0.094776557	0.073408955	0.075053365
9988	SFTPSKS(ph)PAPVSK	1		S169	0.032241931	0.014783753	0.061154063	0.011781859	-0.010003625
9948	AST(ph)PPVKK	1		T157	-0.000764831	-0.089497574	0.021053252	-0.006463303	0.016924144
